Cabang,Proyek,Sumber Lead,Kategori,Cabang (All),Proyek (All),Sumber (All)
MALANG,JABUNG MALANG,Event: CFD,Event,All,All,All
MADIUN,WAGIR,Event: Pameran,Brosur,MALANG,JABUNG MALANG,Event: CFD
SOLO,MADIUN 2 PERLUASAN,Event: Lainnya,Promo,MADIUN,WAGIR,Event: Pameran
MAGELANG,TERAS BOYOLALI,Brosur,Outdoor,SOLO,MADIUN 2 PERLUASAN,Event: Lainnya
PURWOREJO,JERUKSAWIT 4,Promo: DP,Lainnya,MAGELANG,TERAS BOYOLALI,Brosur
PURWOKERTO,WONOGIRI,Promo: Elektronik,,PURWOREJO,JERUKSAWIT 4,Promo: DP
JEPARA,SRAGEN,Promo: Kanopi,,PURWOKERTO,WONOGIRI,Promo: Elektronik
PEKALONGAN,WONOSARI JS,Promo: Lainnya,,JEPARA,SRAGEN,Promo: Kanopi
SUMEDANG,REJOSARI GONDANGREJO,Roundtag,,PEKALONGAN,WONOSARI JS,Promo: Lainnya
,MUSUK BOYOLALI,Baliho,,SUMEDANG,REJOSARI GONDANGREJO,Roundtag
,WONOSARI,Umbul-umbul,,,MUSUK BOYOLALI,Baliho
,WONOSARI KIOS,Lainnya,,,WONOSARI,Umbul-umbul
,PIYUNGAN,,,,WONOSARI KIOS,Lainnya
,JONGGRANGAN,,,,PIYUNGAN,
,DLIMAS TEGALREJO,,,,JONGGRANGAN,
,TAMPINGAN TEGALREJO,,,,DLIMAS TEGALREJO,
,SIDOAGUNG TEMPURAN,,,,TAMPINGAN TEGALREJO,
,PIYAMAN WONOSARI,,,,SIDOAGUNG TEMPURAN,
,CAWANG,,,,PIYAMAN WONOSARI,
,MUTIARA GARDEN 5,,,,CAWANG,
,SOKAWERA PURWOKERTO,,,,MUTIARA GARDEN 5,
,MLONGGO 1,,,,SOKAWERA PURWOKERTO,
,MLONGGO 2,,,,MLONGGO 1,
,KUWASEN,,,,MLONGGO 2,
,MRANGGEN,,,,KUWASEN,
,PATI,,,,MRANGGEN,
,KECEPAK BATANG,,,,PATI,
,KANDEMAN BATANG,,,,KECEPAK BATANG,
,TEGAL,,,,KANDEMAN BATANG,
,WONOPRINGGO PEKALONGAN,,,,TEGAL,
,SARENGAT BATANG,,,,WONOPRINGGO PEKALONGAN,
,MAJALAYA,,,,SARENGAT BATANG,
,MAJALAYA 2,,,,MAJALAYA,
,SUMEDANG,,,,MAJALAYA 2,
,,,,,SUMEDANG,